sequence,label
DDRHKIVNVDQRQYG,1
EGNRPTNSIVFTKLT,1
TRQGGYSNDNTVIFR,1
LHGETFPYTAFDNNC,1
VMALEPVVGAAIAAP,1
YIMSGPARYVYFHMVLPVEAQ,1
NEYLLPQTVWARF,1
NERAKSPAAMTAEDE,1
TLWYQTNYVVPPETPGEA,1
EDALNATRAAVEEGIVA,1
LFYVNLFIMSSLSRK,1
QQQLVQQEQHLKEQQRQLRE,1
NVVLGGHLKPAAPVV,1
KQHELMTLDGFMMYL,1
KGPFYQSFRSKVKKILSTL,1
GLLAPFSEEGL,1
FLGELTSSEVATEV,1
RKVLENRSLSDEERM,1
RTYIKVLRKLLGSANKI,1
THPEIYLFKKLGVSLLKRI,1
QRSRQFQNLQNHRIV,1
VVAAEMAEALRGLPVRY,1
IDPYKEFGATVELLSFL,1
GKLQDVVNQNAQALNT,1
GRDIHYQEGVPSYEQV,1
LLVLYLNRKGIKKWMHNIRD,1
FEELIKFSFHTNVLEDNIGY,1
NGSISLMCLALGGVLIFLST,1
CYAVYSPRVATTVEA,1
PLQFPDSVQKDQAQIRDY,1
FSRPGLPVEYLQVPS,1
MRLDDRASQHWPALQGSR,1
VVTEIPKEEKDPGM,1
YIKGRLAPGAAYAFYGVWPL,1
APIQRIYGVRYTETW,1
GTDDVQVIVVEPGKG,1
GRLMYDMYPHFMPTNLGPSEK,1
SRELVVSYVNVNMGL,1
LGVYIWNMRGSDGTS,1
VPPSLRTLEDNEERMSRLSK,1
NVKFPGGGQIVGGVYVLPRR,1
LRQTKVPSLFVESSV,1
YPTFGEHLQANDLDY,1
VVFFKNIILIGFL,1
MSLLTEVETPIRNEWGCRCNGSSD,1
ATMSYECPMLDEGVEPDDV,1
IDLLLQRGPQYSEHPTFTSQYRI,1
VWLYNQIALQLKNHA,1
HSRAPSPLYSVE,1
RHLHCYRSSFTDFVL,1
IYFNTWTTCQSIAFPSKTSA,1
HNDILLAKDTTEAFE,1
YIKWPWYIWLGFIAGLIAI,1
VSPRNAPGEILWSAP,1
VIRGDEVRQIAPGQTGKIA,1
ISVKNAEKVQTAGIVTPYDI,1
LQGQWRGAAGTAAQA,1
SQSIIAYTMSLGAENSVAY,1
AEISYRFQGKKEADQ,1
DHNSPYIWPRNDYDG,1
ELLAITTVVGNQ,1
DMTQGLGWEAYDWPISLK,1
PVGNFATTVSDRSRPLND,1
DMETGHIGAYVVLVD,1
GEAISFPTTLGMNKCYIQIM,1
ETFTKSTPAYFMDKA,1
HRSGSTIGKAFEATVRGAKR,1
INRWGSVGKKEAMET,1
VNVHNPTGRSICPSQE,1
QLVEKDKALSNAEGE,1
AHYMYLIPGLQAAAARAAQK,1
RASRVAEQLFRKFLKF,1
QHANACRFWPTGRGI,1
MDCEAGFIALTARCVHSLVV,1
QHQVDNLKKLLAGADPDD,1
RYSGGCVAMRGRHPLGRWEV,1
LMEYNLLPLLLSLLSKKKTLTSSGL,1
EEPYFLISNLPYYIATR,1
DYKHWPQIAQFAPSASAFF,1
DLVANQPNLKALREK,1
INGRWIILLSKFLK,1
NALENFKNVLVIHSLSKRSSAPG,1
CGKYLFNWAVRTKLKLT,1
HNYGVGESFTVQRR,1
VMVNGDIPPRLKKSA,1
ATGTRMRGFIFTRHSQTTAI,1
PSVFINPISHTSYCY,1
PKMLVNFLAKNKSIS,1
DQHIEKYLKIIQNSLSTEWSP,1
ERLAKLSGGVAVIKVGAA,1
LEWLYVPIDPTCQPM,1
PLLCVGLRPQWE,1
EANAYNFIMDLPQQFDTLVGE,1
VNRFNVAITRAKVGI,1
EVKPDKKNPQLQDLD,1
KKRGLFGAIAGFIEGGWQGMV,1
LAQGAYRTAVDLESLASQLT,1
SLFLLYGLSSV,1
YEVNWKTHEIKVKGHN,1
SLKLMATLFSTYASAD,1
VSVVSSHYSRRFTPEIA,1
LQWLSFILSLKKRLLPLLLSL,1
ETIHKIVLNPEIYNK,1
QDVHKKLREWLSKNV,1
NVPYKRIEELLYK,1
GALMLPHFNSKAMVI,1
GIHVIPTLNGDDRHK,1
TVWAISALVSFLPILMHWWR,1
VVGLSMAASSALTLA,1
SIAFPSKTSASIGSLCADARMY,1
FSIGLLQRLDFRHNL,1
TSAHLERMKKNMEQTIKDL,1
LSHMNSGCTFTSPHL,1
VLLDYQGMLPVCPLL,1
AAQDNFTLKICKDTDEVT,1
ISLLDLATYTAGGLPLQF,1
GKKWNHFNAALMEAA,1
PTGDLFSVLDFPFLY,1
AYAQHVFRSFDANSDG,1
LSGLPSGGEVLEISV,1
ILLLCLIFLLVLLDY,1
LDTASALYREALESP,1
KSAFYILPSIISNEK,1
AKKLLKLLNGIKSKVN,1
AGTIAGLNVLRIINE,1
DALESIMTTKSVSFR,1
VLKNFTLEGKVANDK,1
AKRMRVKAYRVDKSP,1
FCGVNSDTANWSWPDGA,1
EPVDGVVLVDPE,1
ENAYEYLKHNGLETE,1
CRLKMDKLRLKGVSYSLCTA,1
RLLVACCLAHIFRIY,1
GPPGTGKTYTAARVI,1
MQILIRKTKNNPILLIKP,1
ATVTVANGNNRKSFN,1
SREAKKQVEKAL,1
DRSYYALNVAVTADN,1
TSQEAFSHIRIPLPH,1
TLVVNRLRGSLKICAVKAPG,1
ETRFLGQAINPAEII,1
TFLTSELPGWLQANRHVKPT,1
GVENGVKYWLIANSWNEGWG,1
NRNYPNAERVKIAYAILS,1
EIYNKQKGMLVSHIN,1
NIEFFTKNSAFPKTT,1
NDAFGVMPPVARLTPEQ,1
SLMEPPAVLLL,1
ISFSEQQLVDTSGPW,1
VSYDTVKDYAYIRFSVSNGT,1
YPKPDCTAEDRPLCG,1
PDKVDSYVWQTSTNPSVFWT,1
KASELDYITYLSIFDQLFDIPK,1
SKKLLELNRMISHIFFIS,1
REIILKVVLMTICGMNPIAI,1
EAGFAKLAASDSKSL,1
IIIMMPTRKYNNQNW,1
FAGHGKAYLHGSFDK,1
GSEQEELLALLRSERIVL,1
AEQFKQKALGLLQTASRQAE,1
MLIEAELKCFGNTAVAK,1
REQEEKMRRQEEKIR,1
DDQIGYYRRATRRIRGGDG,1
MLQYAGFLPEIVHSS,1
LKWDAPSAKKA,1
AAIFLYNLSVKSGYFL,1
PPLLESWKDPDYVPPVVHG,1
TINVYYFNHGNLSFTYRR,1
VFKNIDGYFKIYSKHTPIN,1
PFGEVFNATRFASVYAWNR,1
NLKEKCFLTQLAGFL,1
RQSGATIADVLAEKE,1
LIETKLLLSRFEFEG,1
ARQMVQAMRTIGT,1
YGNKCNFCNAVVE,1
APNFQFVLDAFASKD,1
IDQIEKQAKDLAFPG,1
AESASEAAKKY,1
NFGDQELIRQGTDYKHWPQ,1
LPAVSSGRNIKRTLAAMPEE,1
LIPEYNEAAIMLSEKK,1
NIVDVQYLYGVGSGMVGW,1
TLRVDRKHKVSGDSS,1
LQPYYGFSNQEVIEMVRKRQ,1
DSLSSTASALGKLQDVV,1
RWRQIFNMVGFRNAV,1
VQRIKDFLRNLVPRT,1
KTKEGVLYVGSKTKE,1
WGELMNLATWVGSNLEDP,1
IEQIKRYLKASVENLNDNE,1
FTTYIIMNRWALGNLACDLW,1
FWTRALTGYAQLIDSEGDDT,1
LMSFPQSAPHGVVFLHVTY,1
SKEFIPELNKLGSLFGQGE,1
CNTNWLPPCPIIHNL,1
MFVFLVLLPLVSSQR,1
GGDLGQVYRRLVTAV,1
LGKGIHQIFGAAFKSLFGGM,1
VVLVGARGTVYGFCLLSND,1
DQVHFQPLPPAVVKL,1
RAAAPAWSRRTLLPE,1
KEVDRLEDELVHEKE,1
SIEYILKDLIIKDPN,1
EVRRYTARLKEGDVF,1
CSCYPDTGTVMCVCRDN,1
ASLYSFPEPEAAQPM,1
GWVKPIIIGHHAYGDQYRAT,1
SYFTNMFATWSPSKARLHLQ,1
PPYCTIVPFGIFGTNYR,1
GYLAARSLGQPFERLMEQ,1
QYAGTDGPCKVPAQMAVDMQ,1
YKETLTRILPPARKL,1
FVPLYSSKSATSVGTPTRVS,1
DGTQQFYHYASSVKPARVIF,1
LVDKEREHHLRGECQSCVY,1
HRIVQIEAKPNTLVL,1
MYKHLFFLDSKTLDRLTP,1
SGYAADQKSTQNAINGI,1
MMGTFAVRVVSRKASQL,1
DRGFDGLAGLPGEKG,1
GVLVHLRIRTREASF,1
FEATVRGAKRMAVLGDTAWD,1
EAYIIAMGAAQDNFTLKI,1
APGNRGFPGQDGLAG,1
LMAFTAAVTSPLTTS,1
PGEGHGGEHLDSEGE,1
PWRYIRSFPILASSG,1
LVSHQMRLSQVIKLA,1
GSAFSSVPKKHVPTQ,1
MDMCSAGWLADRSVR,1
MGKGMPFYAWDFGVPLLMI,1
QLIPCMDVVLQQHNIAHGRS,1
GTEKPLPVDMVLISLCFGLS,1
RVAGDSGFAAY,1
KHGKEIKITPQSSIT,1
DGGSILKISNKYHTK,1
LEAAFNAEFNEIRRV,1
IEIGLEGKGFEPTLEALFGK,1
EDVKWPPTLQPPTLR,1
GSRAIWYMWLGARFLEFEAL,1
LNLVIWASSVEITRV,1
TMPVYNRQVLTKKQR,1
IREQEEMIREQEAQR,1
FTDPSSIAARGYISTRVEM,1
IKDYVSEDYLVMSSY,1
TRPYRYPRVCDASLS,1
LQTIKDIASPI,1
KCVNFNFNGLTGTGVLTES,1
QYPSGEGSFQPSQENPQA,1
MAWGGSYIALDSGRGNWDC,1
MHVSFVMAYPEMLAA,1
FEEIRNLALQTLPAMCNVYI,1
RRANALLANGVELRDNQLVVPSE,1
FESLEVHLRRANNINLPFGG,1
GMPEVYVEGKRVDYN,1
LLQFAYANRNRFLYI,1
PTQGSASSLINGVVRLLSK,1
RLTPYILVLASDTIAFNV,1
LKPFERDISTEIYQA,1
IDSFYQAFNHPLRPLLLIV,1
FMTYWHLLNAFTVTVPKDL,1
ALTGGMELTRDPTVP,1
KQHETFKRRVYKVYD,1
YEGERAMTKDNNLLG,1
SIMVAFKGVWTQAFWKAVSA,1
ASINKFVVLISATLVLSFAI,1
IESEKNDTWRLKRAHLIEMK,1
KYFPLTASKVLSMRP,1
GGSTYIAAKVNEAKD,1
GTDGVTYTNDCLLC,1
QNLYKYIVSLANLMALEK,1
QLENDLDQVQESLLK,1
TGPGTNNPENPITESAHLNV,1
VDLLVNLLPAILSPGA,1
QYTHWNTHQPRYSGGCVAMR,1
GDGKMKDLSPRWYFYYLGT,1
TVELLSFLPSDFFPSV,1
EVEQYGPQENVHMFVDSTYC,1
IPTYETMMTFFKSFP,1
LAFLAESCATLSQEQ,1
LWEGSPNKYWNSSTATSL,1
GHTIEDVKNAIGVLIGGL,1
SQKDLLEQRRAAVDTYCR,1
QKLFKTLQSLFADFN,1
HLFAINYTGASMNPARSFGP,1
ESSWVNRGESSRKAY,1
DKSRKYPARALEYKNLPFR,1
ATARSEVALLRFVNP,1
SLGILGIKNLIAAAVPKLTIE,1
SPPRVVTAATAPVGSPTAAA,1
TFSVQRNLPFERATIMAAFT,1
KGAGSSQDACIKFIQYEVDG,1
GEALSTLVLNRLKVG,1
ALLVLVVGVLSQKDP,1
DTEEEDFHVDQVTTV,1
RLAKLTEAITAASLPKTSGH,1
MLCLHHAYQGDYKLFLESGAVKYLE,1
LENLQIIRGNMYYEN,1
VPPLRVWRHRARSVRAKLLSQGGRA,1
STLPETTVVRRRGRS,1
YPFLNLLHTPPHRPP,1
PLIDQYLYYLSKTIDGSGQN,1
WSKVVIAYEPVWAIG,1
NELFKFNRLHTKISILQIIG,1
PFAMQMAYRFNGIGVTQNV,1
GRIRVLQRFDQRSRQ,1
MTEQQWNFAGIEAAASAIQG,1
FHIRLALPSTLPLHP,1
MSDNGPQNQRNAPRITFGG,1
AIFMTATPPGTRDAF,1
RLVELAGQSLLKDEA,1
FRNSRFAISISSPLY,1
SLSGLYVFVVYFNGH,1
SRNSTHEMYWVSGAKSNTIK,1
IHFFREPTDLKQFKQDAKYS,1
LRHNPGGPSSAVPLLLSYFQ,1
SKLWAQCVQLHNDIL,1
AYRVTKDAQLSAPTK,1
AAVPVLAFDAARLRLLE,1
AEVSYVHVNGAK,1
ATDKEGKDVLVCNK,1
GDTRPRFLWQPKRECHFFNG,1
QSGQFWRKFEVYEGDKKLPI,1
QALDATHRGYYKVGDMTQ,1
TKAYNVTQAFGRRGPEQTQ,1
QKFSEHFSIHCCPPFTFLNSKR,1
AAMASASLVTVAVPATANAD,1
FQDAYNAAGGHNAVF,1
IYQAGSTPCNGVEGFNCYFP,1
TILTRPLLESELVIGAV,1
VYDTIKYYSIIPHSI,1
KWALPLYYKPTCVVD,1
NQDFTNRINKLKNS,1
PGRRPFTRKELQ,1
TTLGIFRAAVPSGASTG,1
GPTHLFQPSLVLDMAKVLLD,1
FNNFTVSFWLRVPKVSASHLE,1
EKLKHILGKARFIKLN,1
GIAYFSMVGNWAKVL,1
IDAYKTFPPTEPKKD,1
QLVKDKNIDISIKYDPRKDSE,1
HGPGPARAPPPPGGPV,1
ISGIQYLAGLSTLPGNPA,1
AVGGYAISISFWPQT,1
SSKRGRQTPVLYAMLDHSRS,1
SELLSLINDMPITNDQKKLMSNNV,1
SRVLRSLFWNEPAIG,1
KAIFIKCDVTNIPEF,1
LKGFKKEISNML,1
VVFQQTKAIADKIKD,1
VSKTAVAPIERVKLLLQVQH,1
IALMFVCLIIMWLIC,1
QLIRAAEIRASANLAATKM,1
LKLYQWILKQKSMASEEI,1
DVDPGEHYILKTLGIKYFSM,1
SDDNWLNFDGTLLGNLLIFP,1
AYLYVLSARNTSLNP,1
LFGLNNADQNE,1
MQKYMQIVRYLTILITLI,1
VTTNGPPNGKHNDKHTYVEC,1
GIDFYTSITRARFEE,1
DSADGSTVATA,1
NWAKGYVRRGAALHG,1
THQFNVAGSVTVDKT,1
YISSVAYGRQVYLKLETTSKSDEV,1
ITKKVADLVGF,1
PGVMYAFTTPLISFF,1
EGDVFIMPAAHPVAI,1
QGGKGPLLSILKAFN,1
ASMNRPNLVAL,1
GKMVAPSFTAEEKAQK,1
KTNYQAFLNLLEIARSKKAKVI,1
LSVVMPVGGQSSFYS,1
RGNNAIKWLVNFGVG,1
NQNLRVAKISMPVNT,1
FYFDNREGVILPGEI,1
QTLIAIHTLAIRYAN,1
HKVEQGASVDKRHD,1
GVSLASKKSRLFSSS,1
LSRFSWGAEGQRPGFGYGG,1
EWVAEIRSKSINSAT,1
IIMDEAHFTDPASIA,1
RINLKALQNILNNAKSAHFKFV,1
ELKSTQQKSILRVGTLTSDD,1
STSSPMEKAISLATD,1
SGSPKQSGELKGLSDEYP,1
LNHLVDCGVAGFRVD,1
RCTKLEYDPRCVYDP,1
THSWEYWGAQLNAMK,1
DRLKALVDAAVQPVMKAN,1
LVVFSDPNADAATSV,1
QGQYELRVDLRDHGE,1
QLVFNSISARALKAY,1
QHTILKDLVKLLNAFNGPFKSN,1
GNLDPAGEYIISTRV,1
ALGLLALGSSLAMILGLPLGRI,1
TSAFNKKTFDHTLMS,1
HHPARTAHYGSLPQKSHGR,1
PMRARPRGEVRFLHY,1
ARRRRRAEKKAADVARRKQE,1
MASQGTKRSYEQMETGGERQ,1
SFLLDILGATGSDSLTLV,1
PPWQAGILARNLVPMVATVQGQN,1
ETACLAKSYAQMWQLLYFHR,1
AALCAIEMANLFKSL,1
MNKKKMILTSLASVAILGA,1
PYILLVSSKVSTVKD,1
AMVDSAMSRNVSVQDSAGVP,1
SDGTSTYATFLVTWK,1
DSYSIYWTSFTTRLY,1
KLIANQFNSAIGKIQDSLS,1
MFYFSAFEPSRRYKA,1
KVSFFCKNKEKKCSY,1
QKYSTLQGPPGTGKS,1
YLPQYRSYNDSVDPRIANVF,1
DFARVHFISALHGSG,1
NNSYECDIPIGAGICASYQ,1
IADDVDGEALPTLV,1
GMYPVEIWHPDPAKN,1
RSRNEALRVKKKMEGDLN,1
PDGFRLSWTADEGVF,1
PDLSNNFGKLFEVKP,1
TCQPMRLYSTCLYHP,1
KEADQPWIVVNTSTL,1
LINIDKIYIKNKHKF,1
PLKMLNIPSINVHHY,1
TEVPSLVPPTTNTSHAAPAH,1
GKTLAEVKALTTELTAENQE,1
VGATYYFNKNMSTYVDYKIN,1
DVNYGYNAATGEYGD,1
IVKTGERQHGIHIQGSDP,1
KVNNLNTDHGFPSGA,1
GAGSGKTQTMAARIAYLLQS,1
RNLFGVCIYSFMCQH,1
STSQKVIYLVMILLI,1
KGGTKEKRLAAQFIP,1
LTMSNVKNVSQTNFKSLLRNLGVS,1
MSQIMYNYPAMMAHAGDMAG,1
RIAHRIKGFRSLPFIIGCNP,1
MDRADTLEQQNKEAN,1
KVHFAGFAAPACESG,1
GEFRYYPNIIAKGVG,1
SYLQGFSRNTLEAAF,1
HHTALRQAILCWGEL,1
DGWRLDVADELPDDF,1
HDKDVAVLASSRLSNR,1
TRINDLTDPNMLAHL,1
KAAGLFNAPASQVAR,1
GRYVEAVNYFSKAIQ,1
MKANDIPGLAVAISLKGE,1
ARMWIQAATTMASYQ,1
WTSLNFLGGAPTCPGQNS,1
LGFLQPFIEGIFSEI,1
WLSVIWMMWYWGPSL,1
QKRMGVQMQRFK,1
EQGAYEAVVPIKSVM,1
TSFLSINSKEETEHLENGNKYPNLE,1
HLSSIVTPEEQEFVN,1
ADVAARLRILYGGSV,1
KLRAKSRDIGTKGLNEE,1
ASMSRPVKQLK,1
TVFYTISFDQMERYL,1
VLARLHFYRNDVHKE,1
KSMVILTSTVTAGTAE,1
SLVEDDGPPMREIILKVVLM,1
FLLSYGEKDFEDYRF,1
RSRYLTAAAVTAVLQ,1
IFKLQFHCMPVSNEV,1
RIHMVYSKRSGKPRGYAFIEY,1
IETIINNFHQY,1
AYRPPNAPILSTLPE,1
LLTKKQYDKAQASFQ,1
GVRIYVDVVLNQMTG,1
FNGEKINYTEGRAVL,1
GLYYVHEGIRTYFVQ,1
GVRATRKTSERSQPRGRR,1
PSKPSKRSFIEDLLFNKVT,1
QTQDGKRKALLDELKALT,1
SQDFVLIFSVHGLPKSVIDAG,1
ALEQVASQSEKAAPQ,1
INDRNFIATTALSSTEE,1
DAENPGGEVFNDNKKGLSRV,1
LVTAVNDIEKRVPFS,1
KDAHAKRQTVVVLGSQEGAV,1
VDPMDEPTLLYVLFE,1
HSFYELYQSLIAMQKRSLKNQ,1
GLYGNGVVIKNGSYVSAI,1
SSLFQVANQYTGILY,1
KVRPALLVSFIFRANWTPR,1
QTLFAGYFDNTIRVW,1
QAPLKFHFGLNLKLYQWIL,1
ELVAVRKEQQQRGRR,1
EEQYIAQFTSQFLSL,1
FASVTYHVESDLQNS,1
KYDYATLKVALAKKEVEAKE,1
HLVEALYLEELVARSE,1
KDNVNYSFLYLFGGD,1
SIIVFNLLELEGDYR,1
SVVRRAFPHCLAFSYMDDVVLGAKS,1
ATGFKQSSKALQRPVAS,1
EHVEELTKHAKSVSK,1
DFYLCFLAFLLFLVL,1
RFFTLGSITAQPVKI,1
EARPALLTSRLRFIPK,1
ESVESRVLPGPRHRH,1
QQQQQQQQQQQQILQQILQQ,1
FYWVSPGVLVLL,1
VAHLMWLERLYVWLQ,1
AMPIGRIAECILGMN,1
SGIPYIISYLHPGNTILHVD,1
DEDVIGVYKDVLQTQDGK,1
FAERIHKLVSLGLNI,1
KKLKELISATEKARR,1
EPEEEPGGAVVREVY,1
VCNKDLRPICGTDG,1
LLIIAIYALNSKKLLELN,1
DVIGNNIANVNTVAF,1
AHAGQPLSEAQVLKALAW,1
ELVARAVTTATMIQP,1
VVPPETPGEAYIIAMGAA,1
LKSTQNAIDEITNKVN,1
LWYYIALKKLRKAFPNKYVKM,1
KLSLLMLQPDYVKMV,1
AYVLLSEKKISSIQS,1
LLTPDEPDKSQGQDL,1
IAGLFLTTEAVVADK,1
ALWFRNHFVFG,1
DYYNLAASSGTIALA,1
YTTGAVRQIFGDYKTTICGK,1
LVPFVQWFVGLSPTV,1
VLKSYVLEGTLTAEK,1
KLKERWGSNELPAEEGKTLL,1
IPVYQVNNLEEICQLIIQAF,1
SYLVSFFGRANYILM,1
HPVAINASSELHLLG,1
AKDIVYIGLRDVDPGEHYI,1
SNDRILLIKPLQIGVD,1
SVRTTTDSGKLITD,1
TVATSRTLSYYKLGASQ,1
KGVSYSLCTAAFTFTKIPAE,1
LAAAAAWDALAAELY,1
DQCSCCSPTRTEPMQ,1
IGMIFQHFNLLSAKNVFENVA,1
RPYKAAAAQLPETLETIMLL,1
IEKLVLARALKLVLAV,1
ETVSSFYRLNVLYRP,1
FGGHYMESVFQMYTR,1
PFMFRLNNQYRPTGPNPRVP,1
AAGLIMTAEPKTIVLKAGKNY,1
RNIPPRMFTAEEKAEA,1
QPENLEYRIMLSVHGSQHSG,1
KGIFVIQSESLKKCI,1
AGAFHLLMAESLRIHYA,1
TLYILNVSAVYFEQR,1
ISLLDLISLKGKFSI,1
QYEGDGSPCKIPFEI,1
INANMTWYAAIKTCLMHKAQLV,1
EDNRSQVETDDLILKPGVVHVIDVD,1
MSYSMCTGKFKVVKE,1
NEGVIVKVSKEHVEE,1
VAMIWSVAAVAQTVG,1
ANKVALAPQCLPLDR,1
LVVYGGLNAINTALLPSE,1
MKLLQHIPANLLENI,1
KPFTYNVEVTSEKDT,1
PAPQAPYQGYQEPPAPQAPY,1
DSTECSNLLLQYGSFCTQL,1
KAMVIVVVNKGTGNL,1
MVLAILAFLRFTAIK,1
GNDHYYEYILWKYHG,1
DNEAYEMPSEEGYQD,1
CHHLDKSIKEDVQFADSRI,1
IGGRVHFFKDISPIASSE,1
LGFVFTLTVPSERG,1
LSEVVIHPETNYALTG,1
STIASGIIIEKYNV,1
VVLLVATEGRVRVNSAYQDK,1
ALYDICSKTLKLPTP,1
HQQQKQQQQPSSQVSFQQPL,1
NPVLPFNDGVYFASTEKSN,1
SKWYIRVGARKSAPL,1
GMILFYFIKSLGNNLLHKN,1
SRPLNDKVNEKTTLLNDT,1
WLVHKEWFHDIPLPWHAGAD,1
FPTLLLIVTLYRLALNVATTRM,1
RPASAWAIYAALTTFITPAV,1
ENIQRFLPNPAGVQLEDPEF,1
TMFEALPHIIDEVIN,1
FQRPTISSNSHAIFR,1
KKRFMKLNINVSLPQTLSLK,1
AAAAVRPLWVRMEAA,1
AAKTNNSFVVDGDTLKECPL,1
SYGLGFFEYFQLSED,1
QFGSGWAWLSAAAGG,1
DNILVIQQGQATVTV,1
NKLERRMENLNKKVDDGF,1
KIEIKASIDGLEVDVPGIDPNACH,1
QLQDLDMMLTCVEIK,1
KSAFVMANNLIEATQ,1
VSALVYDNKLKAHKD,1
EVLQARRQPGAQWDLREF,1
QLKLNWFKKGSSIVI,1
EMLFNFLKEQLNKLLGLLRLF,1
LLDFLAMHLWRAVVR,1
GPPGTGKSHFAIGLA,1
DYIIDHVDQHNATEI,1
LPVGAANFREAMRIG,1
DRTRKPFQSVIADTGISVSE,1
DLVTASAALLQSAATHTDSI,1
ALAVLHFYPDKGAKN,1
RCGRSMQGYPFNPCL,1
IVTTSTNDWVVTCSYTIPTCRKMDE,1
HLRKVILSEISFHLV,1
SVELIDIGGNRRIFGFNALVD,1
LRNFIRMKHCVMVLV,1
GVYLLTSHRTATAA,1
TLAPMGNGTGRRRAL,1
RKSFNLDEGHALRIP,1
GYQPYRVVVLSFELLNA,1
EELAFDGVKIDNVDV,1
QQPYPQPQPFPSQQPYLQLQ,1
GSENKRTGALGNLKN,1
AQGYKVLVLNPSVAATLGFG,1
GLYNFATCGLVGLVTFLLLCGRSCT,1
VSALSYEGRLCSHTE,1
RNLENKLTAKGLSLQEANK,1
CYYETADAFKVIM,1
LYRYIAGLAGTKDIR,1
FKAFILDGDNLFPKV,1
ISFEIYPAHLFYSLI,1
HHHHHHHRHPQPATY,1
LDAYNMMISAGFSLW,1
RNRLNVAVSRAQYAA,1
RRVTETRSSFSRVSGSPSSGF,1
IEMLFYMKNLERKKLQSS,1
QRAALLAGCTLLQQGHRGMQ,1
KPYPASCCKSG,1
NGLATTGTLVLEWTRLSDIT,1
RVIVSEGKSKFTTEL,1
KVPKLAADKKKLEEV,1
DGYLTIQAVRSHSND,1
TPEQIKTLVEKLRQT,1
AASVASLILTTEA,1
LQSLGAEIAVEQAAL,1
RKWFPAEPEDV,1
QRPGFGYGGRASDYKSAHK,1
TGAYSNASSTESASY,1
LGYTFQDSQHNNGGK,1
NSEPVYIQPISTRSL,1
DAEFRHDSGYEVHHQ,1
EKSEEEVHNLQKRMQ,1
DSKNQLSSSSLQASTKTKTT,1
GMEVTPSGTWLTYTGAIKLD,1
FNEIRRVLLEENAGGEQEER,1
MRVMKFSVSPVVRVA,1
SGQAYMFPNAPYLPSCLES,1
ISEIRDQSSTSSTWAVSSAS,1
KEGEKKKLRPRWLDA,1
ANTRLRHAGGVAAAI,1
DSAFDVLSFTAEEKAGVYK,1
YNKIFYARVPQRIYQ,1
EFFRFLHDLHLLAFA,1
VSNMAEVRSYCYEASISDMA,1
FPKEVWEQIFSTWLL,1
IGGVILFHETLYQKADDGRP,1
ERYQLVSYKLVSRSG,1
RSTMKPVQKVLEDSDLKKSD,1
IGESSSSPEVEEARTLRVL,1
GPKLSTDLIKNQCVNFNF,1
RVTEFKYSRDIGDAF,1
DEVMLMKRANINHVR,1
ESKSQLLNAKYLKQF,1
EVTDNDGVKTIANNLTSTVQ,1
FSILKDASATAIYGA,1
ADPIPSGRSPGPCGA,1
RNPILHFMRLKPKGLNNI,1
LVSAYFSLHGRLDEDVIG,1
DPVGVAVRLSKDIAA,1
SNKRRMGLTEYDAVK,1
SRLSKVAPVIKA,1
LAPHSALAALEDTID,1
IAYYFYNPDAADDWI,1
TMAMTDTTPFGQQRVFK,1
RNNPFYFPSRRFSTR,1
MEGVLIPAGFIKVTILEP,1
RPQGLPNNTASWFTALTQH,1
QDYKVLADKTYLTRQ,1
LMRRGDLPVWLAYRV,1
KLTYCPVKALGEPIR,1
APISGRALEPYISRCTVCEG,1
LLRSTSQKSIVAYTMSL,1
TDHSGKTVWFVPSVRNGNEI,1
NFKDQVILLNKHIDAYKTF,1
HIGSQLVLKLLSLQLTQPVRYK,1
LYYLTMNNKHWLVHKEWFHD,1
CVDTRSGNCYLDIRP,1
YNSASFSTFKCYGVSPTKL,1
FGINAENNHRIFLAG,1
RLIQNSLTIERMVLS,1
GSEGAGQALASPGSCLEEFR,1
TLRLCVQSTHVDIRT,1
RFDLELTFVITSTQQPSTTQ,1
SGEPGTLLWNTVWNM,1
YEKYEDDYARETPYD,1
AERLTSRVKALFSVL,1
NTVYFGFDKYDITGE,1
LQDVYKIGGIGTVPVGRVET,1
SPYAYQSIKVRISLK,1
SVCAGILSYGV,1
QQFVYAGAMSGLLDP,1
GLILGLLRRHASSLIVFKL,1
DERGTPEYNIALGQR,1
LNDALSLRTEARATY,1
YFLLKWLGHPNVS,1
DYVRGKMIEYLNHLV,1
YLTPGDSSSGWTAGAAAYYV,1
YTINPAIAHGISE,1
DSKSLLRKYLTKEVF,1
SNVGVCSRVGVARLWFRVCQ,1
YQNRLALDYLLAAEGGV,1
LIHKVHLAKSSGSAL,1
LKALAWLLAANPSAPPGQ,1
KVGNEYVTKGQSVQQVYYSI,1
AKRLDACQDQLLE,1
WDFGVPLLMIGCYSQLTPL,1
ATPSFDYIASEVSKG,1
KIDVENLIKNSKALMDLEV,1
SAGCIPSDKCPPELE,1
SPFGGLKRLPA,1
LTAHGRNASDP,1
REDVVKHGIRNASFITGCSA,1
AAAYFVGYLKPTTFMLKY,1
LGLLKLVAQRRNLLKYI,1
ETLLRAVESYLLAHS,1
GVYATRSSAVRLRSSVPGVR,1
VWFFPRGNIPDDVNS,1
TPSYVAFTDTERLIG,1
LVVPRYAFAMERNAGSGIII,1
AEFFRNIYANNLKLARKIFKDTL,1
IVGKTSQVTLYVFEKVPTRY,1
NLMWKQITPELNHIL,1
SVIQSQINAALSAKQGIR,1
QWYLDLRRFGSVPHG,1
LLQYGSFCTQLNRALTGIA,1
PKIFFRPTTITANVS,1
PSDLRRHMRTHTGEK,1
EVQQKLIDDHFLFKE,1
HRKSLLLTDISMENV,1
VSVLTSKVLDLKNYI,1
LRGTSFVYVPSALNPADD,1
EKFLNRLPKFVIRQG,1
LGQPEEGAPCQVVLQ,1
VPYFVRVQGLLRICALARKAV,1
GHSHFVSDVVLSSDG,1
SSGQTQSTNSSPYLH,1
DPKELLARIQSLLRRSHKKE,1
SSEWVLENAKNPKAILI,1
LHASPYVAPAAAIIEMAE,1
KALFLGLKTANILKP,1
QDNSAKKEATPATPSKPTPS,1
DLLLAKFEKMYQLGV,1
DPTYLDITYHFVMQRLPL,1
RQYDPVAALFFFDIDL,1
THLNDLESHPVSFSF,1
GCVIAWNSNNLDSKV,1
SWFSQILIGTLLMWLGLNTK,1
SEFAYGSFVRTVSLPVGADE,1
PGTRINQETVSLDANGVSGS,1
TLERQVYELNKIQDKLPEKL,1
ATDYENYAIVEGCPA,1
TGEWVNMIEEGIIDPVKV,1
PDAGPPQRWFVVWLGTANNP,1
AGDGRLRLARLALVLLGWVS,1
KGRLSSGHLKCRLKMDKLRL,1
QNPNSTIESPLWALRVILAA,1
EIGWSYTGALNQKN,1
GQLAVSKRLALEVTV,1
SLFFSAQPFEITAST,1
SQVEQFLHRNIQEYLSILTD,1
ARFLAEEADRKYDEV,1
MKDCQLRKQQNENVS,1
TNMGLKFRQLLWFHISCL,1
PTARSVGAADGSSWEGVGVVPDV,1
SSANNCTFEYVSQPFLMDL,1
CNIFRGSYLAGASLIYTVTR,1
QKRAAQAARVEAACG,1
LTELKDNHCEQLRVK,1
TFGNPVIPFKDGIYFAA,1
VNFKQIYYTVSVDAVKNP,1
DSVMNYDAFMEPLTW,1
SLKKGAAALGIGDSVI,1
AYAILSGLEQQGKVPLKR,1
SDVGEYRAVTELGRPDAEYWN,1
VLQLPQGTTLPKGFY,1
LGNIIQRLHGLSAFSLHSY,1
IGTLKKILDETVKDKLAK,1
AKQGIRIDAGGIDLVDPT,1
PEHLLIPKGKKGGQA,1
YLCCQTRLAFVGRFV,1
SLPSTISINLQVHIK,1
KRIAKAVNEKSCNCL,1
ARGGLVDEKALARALKEGRIRGAAL,1
QVDVKDCANHEIKKVLVPGCHGSEP,1
RVFFDTNKSNIKDQY,1
IYLFPLISLRLKFGLKAEKS,1
ISGGHINPAVTVAMVCTRKI,1
EPLPQGQLTAY,1
AVAFMLAYPYGYPRV,1
GLKGPDIYKGVYQFKSVEFD,1
NGSWYYLNANGSMATGWV,1
PFGDSYIVIGVGEKKITHHW,1
ELLKAHAVISRSWLI,1
GINTIPIAINEAEYV,1
PMYVSDTVTFVNVAT,1
NTGVINILNSASRVAKNG,1
FPACGLSCLEFWQRVLQNS,1
RNPTPAVTPQPRGAE,1
RAEFAERSVQKLQKE,1
VQIDRLITGRLQSLQT,1
LQYMRADQAAGGLR,1
EALEILQQNKILANFV,1
VVLSFELLNAPATVCGPK,1
APFLYYYILCYARDF,1
NYDVVITRSNYLPVI,1
DKKVYRVFESTVTGR,1
AYCLWMMLLISQAEAALELIT,1
KTLGIKYFSMTEVDRLGIGK,1
EGKQSLTKLAAAWGGSGSEA,1
SLLMWITQCFLPVF,1
APLSAALQSLKRAAG,1
PQGFSALEPLVDLPIGINI,1
FFRMVISNPAATHQDIDFLI,1
AFVPGRDLGLVILANRNY,1
GTEEDGGSVGHRTVY,1
NFKNLREFVFKNIDGYFKI,1
WNRKRISNCVADYSVLYNS,1
TLFVIVPVLGPLVAL,1
ISYILNRHDNQNLRV,1
GGGPGAGSLQPLALEGSLQK,1
GGLVRTVHLPAPNVA,1
ILGDIGILTNATVFT,1
RFYFYTSKTTVASLIN,1
KNCFLYFKNHSKIGKIF,1
VEAVAYTVVSTVDHF,1
AGVQVHDADTIVLRR,1
YNRNIVNRLLGDALNGKPEEK,1
ECKETVPMNCSSYA,1
NFSQILPDPSKPSKR,1
RLPIVLNLVNRALAAPLNRA,1
KAKFAGRNFRNPLAK,1
VKRNPPKTAKVSEPG,1
HSTQPQPQSLKTTTP,1
YRTQMKGPWHSEELEIRF,1
VVDEANIETHG,1
GINHEKYNSSQTIVSNAS,1
ELPCRISPGKNATGMEVGWY,1
FNPVCGTDGVTYDN,1
DKYFLAIGNCC,1
KPRQKRTATKAYNVTQAFG,1
VASLLTTAEVVVTEI,1
GRTILKENIKYEVAIFVH,1
SPSQVTMFPHIIVDVRQL,1
DTNSVYEPYYHSDHA,1
IFDSRGNPTVEVDLF,1
QSVIFANTRRKVDWI,1
QELGKYEQYIKWPWYIWLG,1
DNVDVGKLYTYFEPY,1
GTLPGHMTERFQEAIDNLAV,1
SQQKMTSLPMSVFYS,1
SAWLFRMWYIFDHNYLKPL,1
IRDYYRQWQPTYAPGSQR,1
TRFASVYAWNRKRISNCVA,1
VQAYLTLRVLRNALD,1
KILYNSAKPNSDLH,1
EFQVVNPHLLRVLTE,1
NYDPNVWCAVPNCITCDRLDPSNR,1
IRCIGVSNRDFVEGMSGGTW,1
AMEWTSDEITVWFFP,1
TVILAPTRVVAAEME,1
YFKNIVTDYQDALRDVVATG,1
VSQIFPDSVMLAVQE,1
FACSKKMTGKSIQPENLEYR,1
ITAYAWVVSLGSLPLMLL,1
NIHCDCNIPPVLYSAFTWLGY,1
RLSESNAAKMNDDVD,1
QESLLKANIQLVEKD,1
DRNTQRQTVRYSVSE,1
ARILRITAAAGTELA,1
ALEGQRLLNKTGSTNGFG,1
IIRFDENGVLLNNSF,1
VQNRFNSAITNLGNT,1
AQIYQAVSAQAAAIH,1
GLTGTGVLTESNKKFLPFQ,1
KKQSKPVTTPEEIA,1
LSLYECDSTLVSLRWRCNRK,1
YFWGKTFQNSVFVAT,1
AVVESNGTLTLSHFGKC,1
RWEEWNKRLEEVKRE,1
EFSYSKFEQALILPE,1
NTSTLFDELELDPPE,1
HEYEPLPEDVKKTSE,1
LGIWTYDGTKVSISPES,1
AVVFNFLNSMLALMAIFI,1
DHREIEGRVMF,1
TGGVPGVGTPAAAAA,1
GRHPLGRWEVKHCRHFKAMS,1
PGRRPFFHPVGEAD,1
DFIWTGNPRTAPRSL,1
AIELTTGESSTDLGKP,1
NLYLTIPTARSVGA,1
VLVMLVLLILAYRRRWRRLTV,1
ADLFQLLLTNSVDNTFP,1
ATGFFAKKEAAEKHL,1
KSLVRLSSCVPVALMSAMT,1
YWNSSTATSLCNIFRGSYLA,1
SIGWAYQYALSSDSKNLSDLK,1
IDTTIGEWAFWETKKTSLEK,1
DSLKLALKIEKLLSYGLTMA,1
KVDFVWAIHPGLDIK,1
SAPPGQGLEVLREVLQAR,1
VKLYRKLKREITFHGAKEIS,1
AAGTYVAADAAAASS,1
MHTGVVVEKKKRGGKEEITP,1
TWAYHGSYEAPTQGSASSLI,1
MSILKIHAREIFDSR,1
ANGILNVSAVDKSTG,1
VLASVSATHAKSSPY,1
DLVDPTLYGYAVGDPRWK,1
YLKHGGGVAGALNKA,1
DTSSTWTWPAARIAE,1
VDCYINLGARWSLDY,1
RYMGKGVSKAVEHIN,1
ARCSSEDDDSKESTC,1
GLISFIKQQRDTKLE,1
LWDVPAPKEVKKGET,1
INVGFKAAVAAAASV,1
TTGHVYLAWQAGMDMCSA,1
YLTSVISSEMSANAS,1
VGAALGIELTPWLGF,1
SGEGWPYIACRTSVVGRAWE,1
HVSAKDKNSGKEQKITIK,1
THEANTMAMMARDTA,1
NQLPDEFVVIERKKRSLS,1
RKYDEVARKLAMVEA,1
TREGREDDLLWCATTSRYER,1
YGGGLVRVPLSRNSTHEMYW,1
FTATLAGYALTQDKMRLD,1
FGWTPGVNRNGFKVPLARQV,1
RGLVLPGYKYLGPGDGLDKG,1
PFATPMEAELAR,1
VHFFKNIVTPRTPPPSQGKGR,1
GGFEVNGNFIKVSAE,1
AEVDCSRFPNATDK,1
QYIKANSKFIGITEL,1
FDNTIRVWQVSVFAR,1
PGCNKRYFKLSHLQMHSRKHTG,1
SDPLLKSIYKL,1
GVRSFAVFFDDIFGE,1
NDATYQRTRALVRTG,1
SILNLCAISID,1
DRDGRTYDGDDFTT,1
NLTSALLNVDNLIQK,1
ETRCGTGVFVYNDVEAWRDR,1
YKKDTKESVTQVWN,1
ATLTRGAAAKIICNL,1
GKCGPLCTRENIMVAFKGVW,1
CLYHPNAPQCLSHMN,1
HDDRLGFLTFCPTNL,1
NEDTESEIVKDSKNQLSSSS,1
ELASMTNMELMSSIV,1
EAHYARPEIAQRARA,1
KKKLEDTKKALDEQVKSAIT,1
SVKINKLISAGIIRF,1
LTDEMIAQYTSALLAGTIT,1
AESATLSKEPLKASPG,1
KRSWPPSEVLTAVGLICALA,1
DNEYDFSGKAALVYGQ,1
VSAERDPENIDWATD,1
RDPKSTPTPTYYGSL,1
SNEILRLKGLMNSILAQNSGQSLEQ,1
AIRSPEFQSIVQTLN,1
PGEINRVASCLRKLGVPPLRAY,1
PLMDLNPHLNLVIWA,1
AGFFLLTKILTIPQSLDS,1
VESFRITYVPITGGT,1
LLDYKLLQLFKLFENALFSLI,1
NPVRASVLRYDDFHI,1
QDFLRRVQELRINMQKNFISFDA,1
RASGLLHERLDEFEL,1
AWCSDEALPLGS,1
LKRAHLIEMKTCEWPKSHTL,1
DAYYNYLNNLVLASYNR,1
PNMLRIMASLVLARK,1
WDLTDALRLAALSIE,1
TLIEGLMMAKALSLSLNLP,1
SLPMVMTWPSLAFTPMLAK,1
VSCVRFSPNHSNPII,1
LVVGEKACLEKVQRQIQVHA,1
TFVHIPLVQAKLRNP,1
ARCQIAGTVVSTQLF,1
DEGGYTCFFRDHSYQ,1
RPSGMFDSVVLCECYDA,1
APSEQTTTPEAATAASN,1
EECFLQGFNLSGKKE,1
NAGVTVTPLLLGYTF,1
VTLISSPPMFRVPVNPVPGG,1
GLLGTVSLGIFFVLMRNKGI,1
ALTLMYLSGMKIPND,1
EYRGRTELLKDAIGEGK,1
GRFDGTVEVKEGGFE,1
ICARQDPAGNCS,1
FWVSPSLFITSTHVI,1
MIKAIISQLQVVVDE,1
ARYFLERLSNDLPDV,1
PSMGRDIKVQFQSGG,1
NALYNYSIPRPNVTSNL,1
DRWLDLRYVGPASAD,1
HYLFKGFSALENLQVASI,1
YTETWSFLPSLTCTG,1
LRFGIVASRANHALV,1
INKLDALHVVNYNGLLSSIE,1
KFWCLVIDALKRIG,1
QKRAAYDQYGHAAFE,1
SYSYNKDNNELSHFA,1
IEPGVLKVLRTEKQY,1
GTNISKEHDGECKE,1
SSASGGFMDSSEGSA,1
IVVYTDREVHGAVGSRVTLHCSFWS,1
SIGGVFNSIGKAVHQVF,1
KWVRELVLYDKEEIRRI,1
IECHGRGTCNYYSNSYSFWL,1
PVGGVARALAHGVRAL,1
FYMFEDFLVYKSGIY,1
LSDEYPFEKDNNPVGNFA,1
TRLFEYLRLTSLG,1
GQVELGGGNAVEVLK,1
FSYGLASKEDGRRVTPET,1
LEAIRQLKLSVANSVNFA,1
KRHDGGCRKELAAV,1
DSELEIKRYKNR,1
FDRYRLNYSLPTGQW,1
SHMEPSFGLILHDGG,1
FKEVLLSYQSKLGPMKWLE,1
CGGLKNVREVKGLTKGG,1
YLTQDLFLPFYSNVTGFH,1
RTWGADAGPPRYSRIFWAV,1
GENRFYYSSGSSSPTHAKSA,1
QGTLSKIFKLGGRDSRSGSPMARR,1
AISSVLNDILSRLDKVEA,1
LLLLSILHPSRPGGV,1
PIVQLQGDSNCLKCFR,1
LKYFNMGVQKFWAFD,1
PITAKAIAASVG,1
SRELCPGRWRAGPWS,1
RLLDIDETEYHA,1
YFSKAYGVPSAYIWE,1
ESVIQHLGYLFLKMS,1
AAFKSLFGGMSWFSQILIGT,1
TIEALGQAARVTVDKD,1
HPLPSAEQYIDFCES,1
RSFTLASSETGVG,1
EVKSFQWTQALRREL,1
QGDGVKLHLKAKAEV,1
AAFQAAHARFVAAAA,1
GGFKKTDKHPPKDWG,1
EGFNCYFPLQSYGFQ,1
AAILRRHIDLLVGSATLCSALY,1
YAPCGDLNGMLQERG,1
QPLALEGSALSSQHQA,1
LNFMVHLGLIKRKVG,1
MEVGWYRPPFSRVVHLYRNGK,1
GKVMVLCNRAFNPV,1
SALTLAIYHPQQFVY,1
IQVVLELLKALSFRKIILN,1
SNGTHWFVTQRNFYEPQII,1
KEDFSSFQLLVQVALQRAAEMELQK,1
SKPWDVVTGVTGIAMTDTT,1
FTTSIPLKGNVRNLSVKI,1
VNKIKHQEVLKLLSLQFEKS,1
TICGMNPIAIPFAAGAWYVY,1
DVAGIVGVPVAAGCT,1
ERSEERLNTATTKLA,1
DKLKQQRDTLSTQKET,1
TERVRLLERCIYNQEESVRFD,1
QTCSPLRVNHAVLAVGYGTQ,1
PRWNGEKLYQEARKIVGAMV,1
ASYYGAAVGIPPLQY,1
KYVKQNTLKLAT,1
ERRAKEKLQEQQRDLEQRKADTKK,1
TLPTKETIEQEKRSEIS,1
GPLDAEGYGVKTSAADLL,1
TLTPVGRLITANPVITESTE,1
ETVIEYLVSFGVWIRTPP,1
TKRIKVAASTLRTYI,1
LPYGANKDGIIWVATEGAL,1
DNLKTKKTPTFGSTL,1
DYEYLINVIHAFQYV,1
GRWIVLWVEFQFKK,1
FPSGARPFFYQEVID,1
IVGLLHSLDSLKLALK,1
IVRFPNITNLCPFGE,1
AFVFLQILNNLVTAYMLM,1
LKFIVRGNNLKFLNN,1
YWLCAAFGPSIKIWD,1
KFKGKATLTSDK,1
ESSPNTQWELRAFMA,1
CYEASISDMASDSRCPTQGE,1
LIYYTDFSNSSIA,1
VSLISRRGDMSSNPA,1
PLGGGSQTWEGSGVLPCVGT,1
KPRTSTPVTEF,1
RMAGNGGDAALALLLLDRL,1
LFYFKQPVAGTRTAVRAADY,1
SGKVVEENPKAIKSGDS,1
QNVLYENQKLIANQFNSAI,1
LRQMRTVTPIRMQGG,1
RQVMNIVSSWL,1
YQSKYLLSLVLRRDG,1
SSYANTTSEDGKVM,1
LGIIEVLIPSLPKKI,1
LFRRMSSLELVIA,1
RSDELVRHHNMHQRNMTKL,1
NHLYETPISATAMVI,1
QVLQQSTYQLLQELCCQHLW,1
SSVFNVVNSSIGLIMVLS,1
NRMVNHFIAEFKRKH,1
SFERFEIFPKE,1
DNYTAYCLGISHMEP,1
FRTMAATTLKAFFKC,1
AEILLIIMRTFKVSI,1
AERIIRFRNPRFAIS,1
DDLVLFDLDEDDEDTKPVPN,1
KDGADFAKWRCVLKIGEH,1
VGGNYNYLYRLFRKSNLKP,1
QVEKLIKNQKESHFV,1
RRNLLKYIKAPSLNGASA,1
SMNPARSFGPAVIMGNWENH,1
TEAEGGVYDISNKRR,1
TRARARALVCTVWAISALVS,1
PVCAHRETTIVSFGYSLYAG,1
LTAELKIYSVIQAEINKHL,1
IDYFDARLLPGVFTV,1
QNKEANNRAEKSEEE,1
TLTEAAQLAPPIYPP,1
LPLNVGLPIIGVM,1
IGKEFKRIVQRIKDF,1
AIPPCPQDWVSLWKGFSFIM,1
GMAALPRLIAFTSEHSHFSL,1
FLARSALILRGSVAHK,1
AAQYVAAHPGEVCPA,1
FYTEFDMENNRVGFA,1
ADKDVVVLTSSRTGGV,1
FKPVIIYNFLQSLRLLSDSME,1
ESPVDQDPDCLFCED,1
YTEPRSVTPEERSVFQPMIL,1
RHRIKMGASLLQIYSA,1
GKDFFKPLRILLTGNSHGVEF,1
IIFIFRRDLLCPLGAL,1
GQFEDFFPASSRDQS,1
ELRVVGNNLKSLEVS,1
KLPINALSNSLLRHH,1
WARMILMTHFFSVLIARDQLEQ,1
KGRVGILHGNKTYLLQNN,1
PLRLLENLKALFLGLK,1
IGPRHPIRALVGDEVELPCRI,1
LQVLKEVKAAASKVKANL,1
IAHQRITLTARCLRL,1
FAAQKAKANKAVD,1
PSQGKGRGLSLSRFSWGAE,1
SLSVLLLISLKDRFLNNN,1
TNKVNSVIEKMNTQFTAVGK,1
SGVENPGGYCL,1
KGFNPEVIPMF,1
LVNYEMKLLHKVGS,1
AIYFVFLRTSKNLELVES,1
DTNLASSTIIKEG,1
EGTQPLYSGFSLLFVQGNKR,1
MWPFLRSSVRLISILSADLFNT,1
DYSNTHSTRYV,1
LPVANVVVTPAHEAV,1
EMIQHYTLDQVNQHK,1
VVFDTGSSNLWVPSK,1
RITERVGPALGRGLYSTVV,1
VFLNNYDAENKLNDV,1
EEPIAPYHFDLSGHAFGAMA,1
KHKLKHLLVETSVDKKAMES,1
HYLVNHPEVLVEASQ,1
GVYYTTYAPQATSAH,1
LVYPTSLGFPLKLVL,1
PTYLRSISVRNKDLN,1
DLNLPRLNALSAWLL,1
HFVSARPQSQSQSPS,1
SMAGSSAMILAAYHP,1
GLTLNGKASRNLQDD,1
FCHPGQLGAFLTN,1
RDYVSELPTEVQKLKEKCDG,1
GGSILQTNFKSLSSTEF,1
FASFDVPSKQPTIDIDLCDI,1
LIPIMYLNSLRNPILHFM,1
AVLVATNFFGINTIP,1
LPLLANNRERRGIALD,1
LRKDYIKRQGSTPLA,1
KNLLQRANELVNPDA,1
QTLALEVARQKRGIVDQ,1
TNRQIRDLSILKARLLKRKQ,1
DEEIIRMMQILIRKTK,1
KMQAMKLEKDNAMDR,1
KTPVLSVNATVVRLQ,1
IWYINCFGCETHAML,1
ERTYLVNDKAAKMHA,1
FSPSLEHPIVVSGSWD,1
ISKYAGINILNVYSP,1
VQGIIIYRAAYFGVYDTAKG,1
KVAEKLSEYPNATAR,1
TKGDSYYKMMKSNIETVHGS,1
TLDLNTPVDKTSN,1
NAGFNSNRANSSRSS,1
AKDMKIMQNIAQTISLIAGQK,1
SLGWATLVGEITAGNLLHTR,1
KYLTEMSRASDILSH,1
ADDLEGEFTEETIRN,1
REKLQLILTLSRNASLYLNGA,1
LDPYFNLVSPEVYNY,1
DSLSPRRAGAKAGPGLSPGT,1
LGKNEEGAPQEGILE,1
PIKDQADEAQYCQLVRQLLD,1
KFEGNKFTIDYNDKG,1
MTVKVGINGFGRIGRLAFRRIQ,1
SFWLASLNPERMFRKPIPST,1
ESSVDDRPMKTVSQD,1
QRCRVHFLRNVLAQV,1
ISNYCQIYPPNANKI,1
HFYQEAAPAQSDVAL,1
ISDFRAAIANYHYDA,1
QEGPEYWEEQTQRAK,1
TVWIPMFQTSLPKNS,1
SLPQKSHGRTQDENPVVHF,1
FFYFFTGSSQLEFDP,1
LYGFVTLTLICSLIT,1
QVYSLIRPNENPAHK,1
WPADLQYIYSKVNNL,1
EAWGALANWAVDSA,1
TVNLVKRLLQNSVVE,1
ALLFLHLFNGLSTSLPL,1
CLEWINKQTSLLRKNI,1
